,Videocard Name,"Passmark G3D Mark
(higher is better)","Rank
(lower is better)","Videocard Value
(higher is better)","Price
(USD)"
21,Barco MXRT 2600,900,1096,4.52,$199.00*
22,Barco MXRT 5400,1161,958,5.72,$203.00*
23,Barco MXRT 5450,1079,995,5.40,$199.99*
24,Barco MXRT 5500,2701,548,9.04,$299.00*
25,Barco MXRT 5600,2465,587,3.50,$704.00*
27,Barco MXRT 7400,900,1095,9.10,$99.00*
28,Barco MXRT 7500,3753,438,12.55,$299.00*
29,Barco MXRT 7600,4943,358,8.20,$602.59*
34,Dell 8100,2,2449,0.00,$999.11*
37,EAH5450,134,1894,1.22,$109.99*
48,FireGL V3600,179,1821,1.12,$160.99*
49,FireGL V5100,92,2021,0.81,$114.96*
50,FireGL V5200,114,1951,0.86,$133.40*
51,FireGL V5600,341,1658,1.52,$225.00*
52,FireGL V7100,71,2078,0.22,$328.67*
54,FireGL V7300,128,1906,0.11,"$1,189.99*"
55,FireGL V7350,110,1966,0.93,$119.42*
57,FireGL V7700,660,1307,9.43,$69.99*
59,FireGL V8650,550,1448,1.84,$298.99*
62,FireMV 2200 PCIe,36,2209,0.40,$89.99*
63,FireMV 2250,45,2166,0.44,$104.00*
64,FireMV 2260,117,1937,1.33,$88.08*
68,FirePro 2270,144,1868,1.08,$134.00*
69,FirePro 2450,51,2146,0.57,$89.99*
70,FirePro 2460,170,1832,2.03,$83.99*
71,FirePro 3D V3700,178,1824,2.10,$84.99*
72,FirePro 3D V3750,341,1657,6.71,$50.88*
73,FirePro 3D V3800,472,1540,3.15,$149.99*
74,FirePro 3D V4800,853,1124,5.33,$159.99*
75,FirePro 3D V5700,546,1451,1.71,$319.99*
76,FirePro 3D V5800,1231,925,6.04,$204.00*
77,FirePro 3D V7750,545,1455,1.56,$350.00*
78,FirePro 3D V7800,1867,733,3.11,$599.99*
79,FirePro 3D V8700,1206,936,7.09,$170.07*
80,FirePro 3D V8750,1271,910,1.03,"$1,230.99*"
81,FirePro 3D V8800,2437,591,5.74,$424.99*
82,FirePro 3D V9800,2811,529,1.13,"$2,499.00*"
84,FirePro M4000,1612,807,22.14,$72.83*
93,FirePro M6000,1820,750,5.58,$325.99*
98,FirePro R5000,2646,558,24.06,$109.99*
99,FirePro RG220,335,1665,0.52,$650.18*
101,FirePro S7000,4523,386,18.35,$246.54*
102,FirePro S7150,2726,541,1.61,"$1,697.99*"
105,FirePro V3800,320,1679,2.57,$124.99*
106,FirePro V3900,649,1319,2.73,$238.44*
107,FirePro V4900,977,1046,6.51,$149.99*
108,FirePro V5700,464,1551,2.47,$188.06*
109,FirePro V5800,1178,949,22.23,$53.00*
110,FirePro V5900,1269,912,14.77,$86.00*
112,FirePro V7800,2028,684,10.68,$190.00*
113,FirePro V7900,2304,623,12.13,$190.00*
114,FirePro V8700,1538,832,9.75,$157.88*
115,FirePro V8800,2280,628,11.52,$198.00*
116,FirePro V9800,2726,542,5.75,$474.00*
117,FirePro W2100,891,1105,15.11,$59.00*
118,FirePro W4100,1549,827,8.42,$184.00*
121,FirePro W4300,2821,527,11.76,$239.99*
122,FirePro W5000,2964,514,16.11,$184.00*
123,FirePro W5100,2970,513,23.58,$125.99*
126,FirePro W600,1661,792,4.00,$414.99*
128,FirePro W7000,4260,405,15.32,$278.05*
130,FirePro W7100,5321,327,13.67,$389.30*
132,FirePro W8000,4095,414,7.15,$573.00*
133,FirePro W8100,7279,250,10.34,$704.00*
134,FirePro W9000,6138,290,7.26,$845.00*
135,FirePro W9100,7927,229,4.58,"$1,729.99*"
142,GeForce 210,103,1989,1.90,$54.15*
144,GeForce 256,5,2361,0.12,$42.04*
146,GeForce 310,119,1931,1.11,$108.35*
148,GeForce 315,158,1844,4.80,$32.99*
151,GeForce 405,120,1929,4.89,$24.64*
153,GeForce 505,118,1933,1.03,$115.06*
154,GeForce 510,259,1737,3.71,$69.99*
155,GeForce 605,308,1688,2.25,$136.83*
163,GeForce 6150,21,2276,0.07,$329.00*
167,GeForce 6200,41,2181,0.42,$99.99*
169,GeForce 6200 LE,29,2247,0.70,$41.24*
171,GeForce 6200A,3,2406,0.07,$54.99*
174,GeForce 6600,86,2037,0.33,$264.00*
175,GeForce 6600 GT,137,1885,2.11,$64.95*
179,GeForce 6800,112,1957,0.20,$559.29*
205,GeForce 7300 GT,136,1888,0.91,$149.99*
206,GeForce 7300 LE,80,2061,2.50,$32.00*
212,GeForce 7600 GS,157,1845,0.90,$175.00*
213,GeForce 7600 GT,201,1800,1.01,$199.00*
215,GeForce 770M,3245,490,18.34,$176.99*
217,GeForce 7800 GT,244,1750,3.05,$80.00*
218,GeForce 7800 GTX,290,1705,4.06,$71.60*
220,GeForce 7900 GT,258,1738,1.30,$199.00*
223,GeForce 7950 GT,344,1654,1.69,$203.99*
224,GeForce 7950 GX2,201,1799,3.67,$54.99*
236,GeForce 8300,101,1996,4.48,$22.68*
240,GeForce 8400,81,2056,0.14,$589.99*
241,GeForce 8400 GS,146,1864,1.70,$85.97*
244,GeForce 8400M GS,112,1959,1.44,$78.20*
251,GeForce 8600 GT,116,1939,0.60,$196.00*
252,GeForce 8600 GTS,149,1856,0.62,$241.99*
254,GeForce 8600M GT,89,2031,0.83,$108.10*
257,GeForce 8800 GT,494,1514,7.07,$69.99*
258,GeForce 8800 GTS,421,1594,5.27,$79.99*
260,GeForce 8800 GTX,595,1391,4.96,$119.99*
273,GeForce 9300,126,1910,2.15,$59.00*
275,GeForce 9300 GE,76,2067,3.32,$22.99*
276,GeForce 9300 GS,102,1992,1.71,$59.95*
278,GeForce 9300GE,97,2007,1.01,$97.20*
280,GeForce 9300M GS,89,2030,2.07,$43.42*
285,GeForce 9400 GT,128,1907,0.80,$159.99*
295,GeForce 9500 GT,146,1863,1.71,$85.99*
296,GeForce 9500M,103,1987,1.02,$101.20*
300,GeForce 9600 GSO,327,1674,6.54,$49.99*
302,GeForce 9600 GT,491,1515,7.56,$64.99*
304,GeForce 9600M GT,137,1883,1.76,$78.20*
307,GeForce 9650M GT,137,1887,1.17,$117.30*
310,GeForce 9800 GT,468,1544,6.25,$74.99*
312,GeForce 9800 GTX,769,1204,10.26,$74.99*
314,GeForce 9800 GTX/9800 GTX+,608,1372,6.76,$89.99*
315,GeForce 9800 GX2,797,1178,4.09,$195.00*
320,GeForce 9800M GTX,454,1563,1.38,$328.50*
323,GeForce FX 5200,7,2324,0.06,$129.00*
325,GeForce FX 5200LE,7,2327,0.16,$42.99*
327,GeForce FX 5500,8,2316,0.05,$153.97*
347,GeForce G100,123,1917,6.20,$19.99*
352,GeForce G210,98,2001,0.80,$122.12*
374,GeForce GT 1030,2487,585,22.61,$109.99
375,GeForce GT 120,168,1835,5.63,$29.99*
378,GeForce GT 130,381,1623,2.52,$151.34*
381,GeForce GT 220,212,1781,5.32,$39.99*
383,GeForce GT 230,323,1678,7.35,$43.99*
385,GeForce GT 240,521,1486,3.24,$160.97*
387,GeForce GT 320,453,1564,13.88,$32.69*
390,GeForce GT 330,400,1611,10.02,$39.99*
393,GeForce GT 340,738,1238,13.93,$52.99*
396,GeForce GT 420,424,1587,2.74,$155.00*
399,GeForce GT 430,602,1381,4.31,$139.99*
401,GeForce GT 440,774,1195,3.44,$225.00*
403,GeForce GT 520,306,1689,1.01,$304.00*
404,GeForce GT 520M,283,1714,9.47,$29.95*
407,GeForce GT 530,679,1291,13.86,$49.00*
408,GeForce GT 540M,485,1524,5.52,$87.95*
409,GeForce GT 545,1103,980,19.85,$55.59*
411,GeForce GT 555M,665,1303,3.76,$177.20*
412,GeForce GT 610,304,1691,2.18,$139.99*
414,GeForce GT 620,367,1636,2.39,$154.00*
418,GeForce GT 630,682,1286,4.64,$147.01*
420,GeForce GT 635,836,1139,12.49,$66.94*
422,GeForce GT 640,1179,948,10.72,$109.99*
424,GeForce GT 640M LE,681,1287,0.80,$849.99*
428,GeForce GT 705,336,1663,1.13,$296.76*
429,GeForce GT 710,631,1338,2.53,$249.99*
431,GeForce GT 720,612,1366,6.13,$99.99*
434,GeForce GT 730,828,1149,7.53,$109.99*
438,GeForce GT 740,1492,846,6.30,$236.99*
449,GeForce GTS 240,577,1415,8.88,$64.99*
450,GeForce GTS 250,608,1373,8.69,$69.99*
454,GeForce GTS 450,1312,897,16.40,$79.99*
455,GeForce GTX 1050,5045,350,21.02,$239.99*
458,GeForce GTX 1050 Ti,6302,281,33.17,$189.99*
462,GeForce GTX 1060,10071,170,35.97,$279.99*
464,GeForce GTX 1060 3GB,9753,178,36.12,$269.99*
465,GeForce GTX 1060 5GB,8972,201,18.39,$487.99*
467,GeForce GTX 1070,13514,116,27.69,$488.09*
469,GeForce GTX 1070 Ti,14719,98,25.82,$569.99*
471,GeForce GTX 1080,15484,85,34.97,$442.79*
472,GeForce GTX 1080 Ti,18539,56,38.32,$483.82*
474,GeForce GTX 1630,5022,354,38.64,$129.99
475,GeForce GTX 1650,7860,233,50.72,$154.99
477,GeForce GTX 1650 SUPER,10112,169,54.94,$184.05*
481,GeForce GTX 1660,11727,149,40.97,$286.24
482,GeForce GTX 1660 SUPER,12785,131,64.58,$197.99
483,GeForce GTX 1660 Ti,12959,129,41.62,$311.36
486,GeForce GTX 260,1231,927,15.39,$79.99*
488,GeForce GTX 275,1415,872,3.28,$431.72*
489,GeForce GTX 280,1275,909,2.44,$522.78*
491,GeForce GTX 285,1516,838,12.64,$119.99*
493,GeForce GTX 295,1188,945,7.43,$159.99*
494,GeForce GTX 460,2253,637,25.04,$89.99*
495,GeForce GTX 460 SE,2011,687,12.57,$159.99*
496,GeForce GTX 460 v2,1927,715,9.64,$199.99*
498,GeForce GTX 465,2683,553,13.76,$195.00*
499,GeForce GTX 470,3081,505,51.37,$59.99*
501,GeForce GTX 480,4040,416,23.77,$169.99*
504,GeForce GTX 550 Ti,1536,834,15.37,$99.99*
506,GeForce GTX 560,2717,544,13.25,$205.00*
507,GeForce GTX 560 SE,1914,720,21.27,$89.99*
508,GeForce GTX 560 Ti,3034,507,23.35,$129.99*
510,GeForce GTX 570,3922,425,26.15,$149.99*
512,GeForce GTX 580,4538,384,32.44,$139.92*
513,GeForce GTX 580M,2074,672,8.34,$248.68*
514,GeForce GTX 590,3341,483,7.68,$435.00*
516,GeForce GTX 650,1752,766,15.94,$109.98*
517,GeForce GTX 650 Ti,2531,577,27.20,$93.05*
519,GeForce GTX 660,3998,418,23.81,$167.95*
520,GeForce GTX 660 Ti,4375,397,30.38,$144.00*
521,GeForce GTX 660M,1442,859,18.26,$78.99*
522,GeForce GTX 670,5318,328,27.42,$193.98*
527,GeForce GTX 680,5538,314,13.88,$399.00*
528,GeForce GTX 680M,3205,494,23.58,$135.99*
531,GeForce GTX 690,5579,311,19.85,$280.99*
532,GeForce GTX 745,2150,658,7.55,$284.95*
533,GeForce GTX 750,3357,479,41.97,$79.99*
534,GeForce GTX 750 Ti,3902,426,44.29,$88.11*
535,GeForce GTX 760,4777,366,32.06,$149.00*
536,GeForce GTX 760 Ti,5191,338,17.45,$297.50*
540,GeForce GTX 765M,1983,697,10.65,$186.30*
541,GeForce GTX 770,5901,300,23.70,$249.00*
542,GeForce GTX 770M,2793,531,20.25,$138.00*
544,GeForce GTX 780,8026,225,28.67,$279.99*
545,GeForce GTX 780 Ti,9479,184,27.88,$339.99*
546,GeForce GTX 780M,3871,429,7.76,$499.00*
550,GeForce GTX 860M,3030,509,26.58,$114.00*
553,GeForce GTX 950,5347,325,37.66,$141.99*
555,GeForce GTX 950M,2587,568,4.56,$567.00*
556,GeForce GTX 960,6042,293,35.13,$172.00*
558,GeForce GTX 960M,3397,475,2.91,"$1,169.00*"
560,GeForce GTX 970,9639,180,40.50,$237.99*
561,GeForce GTX 970M,5720,303,27.24,$209.99*
563,GeForce GTX 980,11131,156,45.00,$247.35*
564,GeForce GTX 980 Ti,13838,107,21.81,$634.39
565,GeForce GTX 980M,7349,249,25.34,$289.99*
566,GeForce GTX Titan,8192,220,11.00,$745.00*
567,GeForce GTX TITAN Black,9010,197,17.16,$524.99*
568,GeForce GTX TITAN X,13055,125,11.90,"$1,096.99*"
569,GeForce GTX TITAN Z,8986,200,5.93,"$1,515.00*"
572,GeForce MX150,2278,629,38.44,$59.29*
585,GeForce RTX 2060,14115,104,67.22,$209.99
588,GeForce RTX 2060 SUPER,16585,72,40.45,$409.99
590,GeForce RTX 2070,16171,75,31.10,$519.99*
592,GeForce RTX 2070 SUPER,18261,59,36.67,$497.95*
595,GeForce RTX 2080,18801,53,23.48,$800.61*
597,GeForce RTX 2080 SUPER,19597,46,26.45,$740.99*
599,GeForce RTX 2080 Ti,21845,33,15.60,"$1,399.99"
600,GeForce RTX 2080 with Max-Q Design,13170,122,6.27,"$2,099.99*"
601,GeForce RTX 3050,12981,128,60.10,$215.99
604,GeForce RTX 3050 Laptop GPU,9389,188,34.78,$269.99*
607,GeForce RTX 3060,17116,66,68.47,$249.99
608,GeForce RTX 3060 Laptop GPU,13402,118,43.23,$309.99*
609,GeForce RTX 3060 Ti,20592,39,63.32,$325.24
610,GeForce RTX 3070,22474,28,51.67,$434.99
612,GeForce RTX 3070 Ti,23759,22,47.52,$499.99
614,GeForce RTX 3080,25366,18,37.30,$679.99
617,GeForce RTX 3080 Ti,27335,11,32.16,$849.99
619,GeForce RTX 3090,26908,13,18.57,"$1,449.00"
620,GeForce RTX 3090 Ti,29839,7,19.38,"$1,539.99*"
622,GeForce RTX 4060,19468,48,67.13,$289.99
624,GeForce RTX 4060 Ti,22550,27,60.95,$369.99
625,GeForce RTX 4060 Ti 16GB,22703,26,45.50,$499.00*
626,GeForce RTX 4070,26819,14,48.76,$549.99
628,GeForce RTX 4070 Ti,31646,4,41.10,$769.99
629,GeForce RTX 4080,34740,2,31.87,"$1,089.99"
631,GeForce RTX 4090,38887,1,24.30,"$1,599.99"
662,GeForce4 Ti 4600,5,2353,0.10,$53.99*
668,GRID K1,650,1316,1.65,$395.00*
673,GRID K2,2736,540,0.61,"$4,449.99"
678,GRID K520,3516,462,23.44,$149.99*
717,GT 430,223,1768,1.56,$142.88*
745,Intel Arc A750,8405,213,42.03,$199.99
746,Intel Arc A770,9206,193,24.23,$379.99
764,Intel HD 3000,255,1739,0.27,$945.00*
765,Intel HD 4000,343,1655,0.22,"$1,592.95*"
769,Intel HD 5000,573,1425,0.92,$625.00*
842,ION,84,2044,0.37,$229.99*
875,Matrox Parhelia 128MB,3,2414,0.01,$393.99*
893,Mobile Intel HD,284,1712,0.59,$479.98*
930,Mobility Radeon HD 3650,129,1902,1.76,$73.53*
943,Mobility Radeon HD 4570,139,1879,1.83,$75.90*
1001,NVIDIA TITAN X,13659,111,22.46,$608.10*
1002,NVIDIA TITAN Xp,18704,55,11.37,"$1,645.00*"
1004,NVS 300,122,1923,1.95,$62.97*
1005,NVS 310,249,1748,4.02,$62.06*
1007,NVS 315,299,1695,4.28,$69.99*
1008,NVS 4200M,268,1728,0.67,$399.00*
1009,NVS 510,711,1264,4.96,$143.26
1013,NVS 810,1161,957,1.86,$624.99*
1015,P104-100,3995,419,13.32,$299.99*
1026,Quadro 1000M,570,1429,10.47,$54.50*
1028,Quadro 2000,944,1066,4.43,$213.23*
1030,Quadro 2000D,979,1044,7.00,$140.00*
1031,Quadro 2000M,782,1188,3.40,$229.74*
1034,Quadro 3000M,1018,1021,14.55,$69.99*
1035,Quadro 400,148,1858,0.70,$211.00*
1036,Quadro 4000,1482,852,1.47,"$1,008.09"
1037,Quadro 4000M,1323,892,5.71,$232.06*
1038,Quadro 410,443,1573,3.44,$129.00*
1039,Quadro 5000,1923,717,2.04,$943.00
1041,Quadro 500M,570,1427,2.07,$275.14*
1042,Quadro 5010M,1771,761,7.51,$235.95*
1043,Quadro 600,540,1466,7.11,$76.00*
1044,Quadro 6000,2701,549,0.66,"$4,092.38*"
1046,Quadro CX,947,1062,6.32,$149.95*
1048,Quadro FX 1100,35,2211,0.17,$212.99*
1050,Quadro FX 1400,124,1916,0.51,$245.01*
1051,Quadro FX 1500,197,1805,1.71,$115.01*
1053,Quadro FX 1600M,131,1898,0.87,$149.90*
1054,Quadro FX 1700,115,1945,0.33,$350.14*
1056,Quadro FX 1800,399,1613,2.96,$135.00*
1059,Quadro FX 2500M,217,1774,12.45,$17.50*
1061,Quadro FX 2700M,376,1628,3.77,$99.95*
1062,Quadro FX 2800M,422,1593,2.22,$190.00*
1063,Quadro FX 3000,69,2094,0.41,$166.61*
1065,Quadro FX 3450,148,1857,1.24,$119.99*
1068,Quadro FX 3500,291,1704,4.23,$68.98*
1069,Quadro FX 3500M,306,1690,3.06,$99.99*
1073,Quadro FX 370,83,2047,0.67,$125.00*
1076,Quadro FX 3700,380,1624,1.79,$213.27*
1077,Quadro FX 3700M,456,1561,0.49,$925.00*
1079,Quadro FX 380,167,1838,2.31,$72.50*
1081,Quadro FX 3800,799,1174,3.09,$259.13*
1085,Quadro FX 4500,226,1765,1.34,$169.00*
1087,Quadro FX 4600,430,1584,1.29,$333.25*
1089,Quadro FX 4800,991,1037,4.86,$204.00*
1092,Quadro FX 540,80,2060,1.35,$59.99*
1093,Quadro FX 550,63,2112,0.22,$287.82*
1094,Quadro FX 5500,242,1751,0.12,"$1,999.00*"
1095,Quadro FX 560,113,1954,0.76,$150.25*
1096,Quadro FX 5600,525,1481,1.78,$295.00*
1097,Quadro FX 570,232,1760,2.03,$115.00*
1099,Quadro FX 580,156,1846,1.21,$130.00*
1100,Quadro FX 5800,1216,932,4.44,$274.00*
1101,Quadro FX 770M,170,1833,0.32,$527.00*
1105,Quadro GV100,20599,38,2.29,"$8,999.00*"
1106,Quadro K1000M,786,1186,11.24,$69.95*
1107,Quadro K1100M,1083,991,3.36,$322.99*
1108,Quadro K1200,2890,520,10.13,$285.29*
1109,Quadro K2000,1567,823,5.33,$294.00*
1110,Quadro K2000D,1582,814,4.65,$339.99*
1111,Quadro K2000M,1015,1023,7.05,$144.04*
1112,Quadro K2100M,1363,883,3.28,$415.99*
1113,Quadro K2200,3546,458,13.22,$268.30*
1114,Quadro K2200M,3440,470,27.54,$124.95*
1115,Quadro K3000M,1645,797,4.04,$407.56*
1116,Quadro K3100M,2270,633,5.68,$399.95*
1117,Quadro K4000,2702,547,10.01,$270.00*
1118,Quadro K4000M,1882,726,7.41,$254.00*
1119,Quadro K4100M,2649,557,10.14,$261.29*
1120,Quadro K420,762,1210,2.84,$269.00*
1121,Quadro K4200,4314,401,17.33,$249.00*
1122,Quadro K5000,3975,421,15.97,$249.00*
1123,Quadro K5000M,2763,534,5.43,$508.91*
1124,Quadro K5100M,3151,500,2.84,"$1,108.84*"
1126,Quadro K5200,6026,294,14.52,$415.00*
1127,Quadro K600,750,1221,12.47,$60.24*
1128,Quadro K6000,8052,223,38.23,$210.66*
1129,Quadro K610M,724,1250,3.02,$240.00*
1130,Quadro K620,2239,643,1.10,"$2,029.99*"
1132,Quadro M1000M,2898,518,33.71,$85.99*
1134,Quadro M2000,3959,422,14.98,$264.24*
1135,Quadro M2000M,3461,466,16.24,$213.16*
1136,Quadro M2200,4297,404,17.19,$249.99*
1137,Quadro M3000M,5501,317,34.40,$159.95*
1138,Quadro M4000,6667,270,18.42,$362.00*
1139,Quadro M4000M,6238,285,24.47,$254.91*
1140,Quadro M5000,9383,189,18.81,$499.00*
1141,Quadro M5000M,7052,258,12.89,$546.92*
1145,Quadro M6000,11809,147,2.45,"$4,827.53*"
1147,Quadro M600M,2145,660,8.52,$251.99*
1158,Quadro NVS 280 PCI,8,2318,0.06,$130.00*
1160,Quadro NVS 285,42,2179,0.25,$169.86*
1161,Quadro NVS 285 128MB,38,2199,0.70,$55.00*
1162,Quadro NVS 290,226,1766,3.83,$59.00*
1163,Quadro NVS 295,79,2062,1.27,$63.00*
1165,Quadro NVS 420,69,2088,0.47,$150.00*
1166,Quadro NVS 440,37,2203,0.16,$228.87*
1167,Quadro NVS 450,66,2103,0.42,$159.00*
1170,Quadro P1000,4418,395,15.24,$289.99*
1171,Quadro P2000,6911,265,15.72,$439.60*
1173,Quadro P2200,9375,191,20.39,$459.80*
1175,Quadro P3200,9008,198,23.14,$389.30*
1177,Quadro P400,1599,812,7.95,$201.17*
1178,Quadro P4000,11638,150,20.92,$556.19*
1183,Quadro P5000,12199,143,6.53,"$1,868.99*"
1184,Quadro P520,2104,667,1.40,"$1,499.00*"
1187,Quadro P600,3258,489,15.42,$211.36
1188,Quadro P6000,15299,89,4.71,"$3,250.00*"
1189,Quadro P620,3590,452,6.25,$574.55
1192,Quadro RTX 4000,15447,87,17.18,$899.00*
1198,Quadro RTX 6000,19240,52,3.05,"$6,300.00*"
1199,Quadro RTX 8000,19402,49,4.09,"$4,741.49*"
1200,Quadro T1000,6591,273,17.39,$378.99
1202,Quadro T2000,7155,255,13.54,$528.35*
1208,Quadro4 980 XGL,5,2362,0.01,$341.43*
1219,Radeon 2100,59,2120,0.31,$190.99*
1220,Radeon 3000,98,2003,0.31,$319.00*
1223,Radeon 3100,73,2073,0.41,$179.91
1224,Radeon 520,859,1120,9.55,$89.99*
1230,Radeon 550,1723,780,22.98,$74.99
1241,RADEON 7200,2,2432,0.00,$599.99*
1243,RADEON 7500,3,2421,0.02,$177.25*
1251,RADEON 9200,3,2407,0.02,$153.63*
1255,RADEON 9250,2,2442,0.01,$194.00*
1256,RADEON 9500,36,2208,0.90,$40.50*
1258,RADEON 9550,34,2216,0.12,$291.74*
1268,RADEON 9800,57,2129,0.18,$325.00*
1280,Radeon E6760,876,1113,3.65,$239.99*
1290,Radeon HD 2400,120,1928,1.37,$88.20*
1294,Radeon HD 2600 PRO,211,1783,1.12,$188.44*
1296,Radeon HD 2600 XT,282,1717,1.78,$159.00*
1303,Radeon HD 3450,155,1849,1.75,$89.00*
1304,Radeon HD 3470,128,1905,1.17,$109.65*
1305,Radeon HD 3650 AGP,150,1855,0.81,$185.00*
1310,Radeon HD 3870,559,1438,8.00,$69.99*
1318,Radeon HD 4350,113,1953,1.11,$102.24*
1319,Radeon HD 4550,235,1759,1.51,$156.00*
1320,Radeon HD 4650,228,1763,3.27,$69.99*
1322,Radeon HD 4670,380,1625,2.66,$142.96*
1323,Radeon HD 4770,894,1100,14.91,$59.99*
1325,Radeon HD 4830,835,1140,13.93,$59.99*
1326,Radeon HD 4850,938,1071,2.48,$378.00*
1328,Radeon HD 4870,1388,878,17.36,$79.99*
1330,Radeon HD 4890,1514,839,16.82,$89.99*
1331,Radeon HD 5450,136,1889,1.44,$94.96*
1333,Radeon HD 5550,370,1633,6.75,$54.99*
1334,Radeon HD 5570,482,1525,2.68,$179.99*
1336,Radeon HD 5670,794,1182,11.86,$67.00*
1337,Radeon HD 5750,1161,956,16.60,$69.99*
1338,Radeon HD 5770,1342,889,7.07,$189.99*
1339,Radeon HD 5830,1730,776,6.68,$258.99*
1340,Radeon HD 5850,1980,701,6.85,$288.99*
1341,Radeon HD 5870,2217,651,7.52,$295.00*
1342,Radeon HD 5970,2307,621,12.82,$179.99*
1349,Radeon HD 6320,148,1860,0.27,$554.99*
1352,RADEON HD 6350,140,1872,2.39,$59.00*
1355,Radeon HD 6380G,207,1792,0.52,$399.99*
1358,Radeon HD 6450,198,1804,2.23,$89.00*
1361,Radeon HD 6470M,227,1764,0.40,$569.99*
1364,Radeon HD 6490M,377,1627,0.32,"$1,193.03*"
1369,Radeon HD 6570,559,1440,8.61,$64.99*
1375,Radeon HD 6670,729,1243,10.58,$68.99*
1380,Radeon HD 6750,1030,1015,12.88,$79.99*
1382,Radeon HD 6770,1244,918,4.70,$264.99*
1384,Radeon HD 6790,1601,810,5.45,$294.00*
1386,Radeon HD 6850,1971,703,23.19,$85.00*
1388,Radeon HD 6870,2218,650,8.07,$275.00*
1390,Radeon HD 6950,2630,561,18.79,$139.99*
1391,Radeon HD 6970,2832,525,18.89,$149.99*
1392,Radeon HD 6970M,2270,632,10.51,$215.99*
1393,Radeon HD 6990,3013,511,6.04,$498.49*
1400,Radeon HD 7340,153,1851,0.28,$552.69*
1406,Radeon HD 7450,223,1767,4.48,$49.99*
1409,Radeon HD 7470,289,1706,3.55,$81.37*
1458,Radeon HD 7570,626,1352,6.11,$102.49*
1518,Radeon HD 7650A,572,1426,2.19,$262.00*
1560,Radeon HD 7670M,473,1536,0.75,$629.99*
1565,Radeon HD 7730,1208,934,5.19,$232.70*
1567,Radeon HD 7750,1701,785,17.01,$99.99*
1569,Radeon HD 7770,2172,655,7.24,$300.00*
1570,Radeon HD 7790,3090,504,22.07,$139.99*
1572,Radeon HD 7850,3854,430,22.68,$169.99*
1574,Radeon HD 7870,4638,376,26.35,$176.00*
1577,Radeon HD 7950 / R9 280,4764,369,36.04,$132.20*
1578,Radeon HD 7970 / R9 280X,5247,332,21.25,$246.99*
1580,Radeon HD 7990,5565,312,13.91,$399.99*
1592,Radeon HD 8350,162,1843,1.63,$99.81*
1614,Radeon HD 8490,263,1733,2.92,$89.99*
1640,Radeon HD 8570,962,1056,9.76,$98.68*
1717,Radeon HD 8970M,3876,428,27.69,$139.99*
1720,Radeon HD4650,239,1753,1.57,$152.90*
1725,RADEON HD7450,199,1802,8.95,$22.25*
1738,Radeon Pro,2324,618,4.85,$479.54
1740,Radeon Pro 455,3112,502,6.93,$449.00*
1747,Radeon Pro 555,3140,501,2.99,"$1,049.00*"
1756,Radeon Pro Duo,8296,217,2.09,"$3,970.36*"
1759,Radeon Pro SSG,10497,162,4.36,"$2,410.15*"
1769,Radeon Pro W5500,9131,195,22.27,$409.99*
1771,Radeon Pro W5700,15471,86,23.80,$649.99*
1775,Radeon PRO W6800,19754,45,10.68,"$1,849.99*"
1781,Radeon Pro WX 3200,2408,599,10.75,$224.10
1782,Radeon Pro WX 4100,3760,437,7.52,$499.99*
1784,Radeon Pro WX 4150,2380,604,3.90,$610.04*
1786,Radeon Pro WX 5100,5644,306,15.68,$359.99*
1787,Radeon Pro WX 7100,7925,230,7.56,"$1,047.99*"
1789,Radeon Pro WX 8200,13925,105,8.71,"$1,599.39*"
1797,Radeon R4,332,1667,0.84,$396.99*
1799,Radeon R5 220,133,1896,1.56,$85.26*
1800,Radeon R5 230,221,1770,2.74,$81.10*
1801,Radeon R5 235,341,1656,5.68,$60.13*
1805,Radeon R5 240,529,1478,6.22,$85.00*
1806,Radeon R5 310,331,1668,0.66,$499.00*
1807,Radeon R5 330,512,1494,1.51,$339.99*
1809,Radeon R5 420,574,1422,14.39,$39.95*
1810,Radeon R5 430,937,1072,15.90,$59.00*
1875,Radeon R7 240,887,1107,8.07,$109.99*
1878,Radeon R7 250,1086,989,5.72,$189.97*
1879,Radeon R7 250X,2268,634,11.70,$194.00*
1880,Radeon R7 260,2891,519,32.13,$89.99*
1881,Radeon R7 260X,3168,497,22.63,$139.99*
1883,Radeon R7 360,3061,506,20.97,$145.99*
1885,Radeon R7 430,1101,981,7.32,$150.58*
1886,Radeon R7 450,1938,709,6.48,$299.00*
1901,Radeon R7 A12-9700P RADEON,740,1235,1.70,$435.92*
1902,Radeon R7 A12-9720P RADEON,741,1234,2.03,$365.48*
1905,Radeon R7 A12-9800E RADEON,891,1104,6.41,$139.19*
1920,Radeon R7 FX-9800P RADEON,740,1236,1.40,$530.00*
1923,Radeon R7 M260,486,1523,0.61,$799.00*
1936,Radeon R7 M445,942,1068,1.27,$744.00*
1947,Radeon R7 PRO A10-9700E,971,1050,1.84,$529.00*
1963,Radeon R9 255,1456,856,4.23,$344.16*
1966,Radeon R9 270 / R7 370,4259,406,19.98,$213.16*
1967,Radeon R9 270X,4909,360,15.04,$326.50*
1970,Radeon R9 285 / 380,5549,313,11.44,$485.00*
1972,Radeon R9 290 / 390,8150,222,21.45,$380.00*
1974,Radeon R9 290X / 390X,8389,214,26.22,$319.99*
1975,Radeon R9 295X2,8637,209,17.31,$499.10*
1976,Radeon R9 350,2018,685,6.75,$299.00*
1977,Radeon R9 360,3031,508,22.64,$133.89*
1978,Radeon R9 370,4722,372,29.51,$159.99*
1979,Radeon R9 380,6215,286,69.06,$89.99*
1980,Radeon R9 380X,6241,283,17.83,$349.99*
1983,Radeon R9 Fury,9618,181,21.71,$443.10*
1984,Radeon R9 Fury + Fury X,9741,179,21.65,$449.99*
1988,Radeon R9 M275,1114,974,1.59,$699.99*
1993,Radeon R9 M295X,5150,342,3.55,"$1,449.00*"
1996,Radeon R9 M370X,1509,840,1.70,$889.00*
2008,Radeon RX 460,4114,413,24.66,$166.81*
2009,Radeon RX 470/570,8047,224,20.69,$388.99*
2010,Radeon RX 480,8666,206,25.49,$339.99*
2014,Radeon RX 550,2697,550,13.41,$201.13
2016,Radeon RX 5500 XT,9182,194,49.64,$184.99*
2019,Radeon RX 560,3644,449,16.87,$215.99
2021,Radeon RX 5600 XT,13785,110,25.30,$545.00*
2024,Radeon RX 5700,14631,100,47.20,$309.99*
2025,Radeon RX 5700 XT,16833,68,46.36,$363.12*
2027,Radeon RX 570X,1923,718,8.12,$236.71*
2028,Radeon RX 580,8908,204,49.50,$179.99*
2031,Radeon RX 590,9500,183,17.27,$549.99*
2033,Radeon RX 6400,7448,246,46.85,$159.00
2035,Radeon RX 6500 XT,9476,185,56.07,$169.00
2037,Radeon RX 6600,15152,92,46.06,$329.00*
2038,Radeon RX 6600 XT,16450,74,47.00,$349.99
2039,Radeon RX 6600M,13569,114,64.62,$209.99
2041,Radeon RX 6650 XT,17501,64,76.10,$229.99
2044,Radeon RX 6700 XT,19868,44,62.09,$319.99
2045,Radeon RX 6700M,13284,120,47.35,$280.57
2047,Radeon RX 6750 XT,21042,36,60.12,$349.99
2048,Radeon RX 6800,22345,29,55.86,$399.99
2049,Radeon RX 6800 XT,25149,20,50.30,$499.99
2054,Radeon RX 6900 XT,26954,12,19.06,"$1,414.36"
2055,Radeon RX 6950 XT,28625,10,26.54,"$1,078.58"
2056,Radeon RX 7600,16556,73,66.23,$249.99
2059,Radeon RX 7700 XT,21872,32,49.71,$439.99
2060,Radeon RX 7800 XT,23906,21,45.97,$519.99
2062,Radeon RX 7900 XT,28937,9,38.58,$749.99
2063,Radeon RX 7900 XTX,31158,5,33.87,$919.99
2068,Radeon RX Vega 11,2124,662,2.12,"$1,002.00*"
2074,Radeon RX Vega 56,13458,117,17.87,$752.99*
2075,Radeon RX Vega 64,14511,101,19.35,$749.99*
2172,Radeon Vega 3,887,1106,0.33,"$2,677.99*"
2186,Radeon Vega 6,1310,898,0.73,"$1,799.99*"
2190,Radeon Vega 8,1584,813,12.49,$126.86*
2202,Radeon Vega Frontier Edition,13381,119,7.97,"$1,679.99*"
2203,Radeon VII,16765,69,8.82,"$1,899.95*"
2208,Radeon X1300,58,2127,0.61,$95.78*
2210,Radeon X1550,66,2107,0.43,$155.00*
2217,Radeon X1650 Pro,84,2040,0.53,$160.89*
2231,RADEON X600 PRO,67,2102,0.42,$160.49*
2232,RADEON X600 SE,49,2155,0.87,$56.18*
2278,RTX A2000,13819,109,20.03,$689.99*
2284,RTX A4000,19302,51,25.74,$749.99*
2286,RTX A4500,21821,34,20.20,"$1,079.99*"
2289,RTX A5000,23089,24,10.78,"$2,141.99*"
2291,RTX A5500,20797,37,9.58,"$2,169.99*"
2293,RTX A6000,22717,25,5.53,"$4,109.99*"
2405,T1000,7676,240,19.19,$399.99
2408,T400,3618,451,20.11,$179.99*
2412,T600,6474,276,26.98,$239.99*
2415,Tesla C2050,3323,485,12.31,$269.99*
2417,Tesla C2070,2839,523,4.70,$604.00*
2418,Tesla C2075,3016,510,4.67,$646.00*
2423,Tesla K80,6210,287,10.46,$593.95*
2424,Tesla M10,3490,464,1.30,"$2,695.00*"
2426,Tesla M40,10182,167,16.97,$600.00*
2428,Tesla M6,7509,245,37.73,$199.00*
2429,Tesla M60,7770,236,9.86,$787.90*
2434,Tesla T4,10725,161,2.42,"$4,433.95"
2436,TITAN RTX,19912,42,8.27,"$2,409.20"
2437,TITAN V,19888,43,9.94,"$1,999.99*"
